team1,team2,winner,match_date,ground
West Indies,Australia,Australia,1996-01-01,Australia
West Indies,Sri Lanka,West Indies,1996-01-03,Australia
Sri Lanka,West Indies,West Indies,1996-01-05,Australia
West Indies,Australia,West Indies,1996-01-07,Australia
Australia,Sri Lanka,Sri Lanka,1996-01-09,Australia
South Africa,England,South Africa,1996-01-09,South Africa
South Africa,England,England,1996-01-11,South Africa
Australia,Sri Lanka,Australia,1996-01-12,Australia
England,South Africa,South Africa,1996-01-13,South Africa
Sri Lanka,West Indies,Sri Lanka,1996-01-14,Australia
England,South Africa,South Africa,1996-01-14,South Africa
Australia,Sri Lanka,Sri Lanka,1996-01-16,Australia
England,South Africa,South Africa,1996-01-17,South Africa
South Africa,England,South Africa,1996-01-19,South Africa
South Africa,England,South Africa,1996-01-21,South Africa
New Zealand,Zimbabwe,New Zealand,1996-01-28,New Zealand
Zimbabwe,New Zealand,New Zealand,1996-01-31,New Zealand
Zimbabwe,New Zealand,Zimbabwe,1996-02-03,New Zealand
New Zealand,England,New Zealand,1996-02-14,India
South Africa,United Arab Emirates,South Africa,1996-02-16,Pakistan
Zimbabwe,West Indies,West Indies,1996-02-16,India
New Zealand,Netherlands,New Zealand,1996-02-17,India
Kenya,India,India,1996-02-18,India
United Arab Emirates,England,England,1996-02-18,Pakistan
New Zealand,South Africa,South Africa,1996-02-20,Pakistan
Zimbabwe,Sri Lanka,Sri Lanka,1996-02-21,Sri Lanka
West Indies,India,India,1996-02-21,India
England,Netherlands,England,1996-02-22,Pakistan
Australia,Kenya,Australia,1996-02-23,India
United Arab Emirates,Pakistan,Pakistan,1996-02-24,Pakistan
South Africa,England,South Africa,1996-02-25,Pakistan
Netherlands,Pakistan,Pakistan,1996-02-26,Pakistan
Kenya,Zimbabwe,Zimbabwe,1996-02-27,India
New Zealand,United Arab Emirates,New Zealand,1996-02-27,Pakistan
Australia,India,Australia,1996-02-27,India
Kenya,West Indies,Kenya,1996-02-29,India
Pakistan,South Africa,South Africa,1996-02-29,Pakistan
Zimbabwe,Australia,Australia,1996-03-01,India
Netherlands,United Arab Emirates,U.A.E.,1996-03-01,Pakistan
India,Sri Lanka,Sri Lanka,1996-03-02,India
England,Pakistan,Pakistan,1996-03-03,Pakistan
Australia,West Indies,West Indies,1996-03-04,India
South Africa,Netherlands,South Africa,1996-03-05,Pakistan
India,Zimbabwe,India,1996-03-06,India
Sri Lanka,Kenya,Sri Lanka,1996-03-06,Sri Lanka
Pakistan,New Zealand,Pakistan,1996-03-06,Pakistan
England,Sri Lanka,Sri Lanka,1996-03-09,Pakistan
India,Pakistan,India,1996-03-09,India
West Indies,South Africa,West Indies,1996-03-11,Pakistan
New Zealand,Australia,Australia,1996-03-11,India
Sri Lanka,India,Sri Lanka,1996-03-13,India
Australia,Sri Lanka,Sri Lanka,1996-03-17,Pakistan
New Zealand,West Indies,West Indies,1996-03-26,West Indies
West Indies,New Zealand,New Zealand,1996-03-29,West Indies
New Zealand,West Indies,West Indies,1996-03-30,West Indies
Sri Lanka,Pakistan,Sri Lanka,1996-04-02,Singapore
India,Sri Lanka,India,1996-04-03,Singapore
New Zealand,West Indies,New Zealand,1996-04-03,Guyana
India,Pakistan,Pakistan,1996-04-05,Singapore
New Zealand,West Indies,West Indies,1996-04-06,West Indies
Pakistan,Sri Lanka,Pakistan,1996-04-07,Singapore
Pakistan,India,Pakistan,1996-04-12,United Arab Emirates
South Africa,Pakistan,South Africa,1996-04-13,United Arab Emirates
Sri Lanka,West Indies,Sri Lanka,1996-04-13,West Indies
South Africa,India,South Africa,1996-04-14,United Arab Emirates
India,Pakistan,India,1996-04-15,United Arab Emirates
Pakistan,South Africa,South Africa,1996-04-16,United Arab Emirates
India,South Africa,South Africa,1996-04-17,United Arab Emirates
South Africa,India,South Africa,1996-04-19,United Arab Emirates
India,England,England,1996-05-25,England
Australia,Zimbabwe,Australia,1996-08-26,Sri Lanka
India,Sri Lanka,Sri Lanka,1996-08-28,Sri Lanka
Pakistan,England,England,1996-08-29,England
Australia,Sri Lanka,Sri Lanka,1996-08-30,Sri Lanka
England,Pakistan,England,1996-08-31,England
Zimbabwe,India,India,1996-09-01,Sri Lanka
England,Pakistan,Pakistan,1996-09-01,England
Zimbabwe,Sri Lanka,Sri Lanka,1996-09-03,Sri Lanka
India,Australia,Australia,1996-09-06,Sri Lanka
Sri Lanka,Australia,Sri Lanka,1996-09-07,Sri Lanka
Pakistan,India,India,1996-09-16,Canada
India,Pakistan,Pakistan,1996-09-17,Canada
India,Pakistan,India,1996-09-18,Canada
Pakistan,India,Pakistan,1996-09-21,Canada
Pakistan,India,Pakistan,1996-09-23,Canada
Kenya,Sri Lanka,Sri Lanka,1996-09-28,Kenya
South Africa,Pakistan,South Africa,1996-09-29,Kenya
South Africa,Sri Lanka,Sri Lanka,1996-10-01,Kenya
Kenya,Pakistan,Pakistan,1996-10-02,Kenya
South Africa,Kenya,South Africa,1996-10-03,Kenya
Pakistan,Sri Lanka,Pakistan,1996-10-04,Kenya
Pakistan,South Africa,South Africa,1996-10-06,Kenya
South Africa,India,South Africa,1996-10-17,India
Australia,South Africa,South Africa,1996-10-19,India
Australia,India,India,1996-10-21,India
South Africa,India,South Africa,1996-10-23,India
Australia,South Africa,South Africa,1996-10-25,India
India,South Africa,South Africa,1996-10-29,India
Zimbabwe,Pakistan,Pakistan,1996-10-30,Pakistan
Australia,South Africa,South Africa,1996-11-01,India
Zimbabwe,Pakistan,Pakistan,1996-11-01,Pakistan
Pakistan,Zimbabwe,Pakistan,1996-11-03,Pakistan
India,Australia,India,1996-11-03,India
India,South Africa,India,1996-11-06,India
New Zealand,Sri Lanka,New Zealand,1996-11-07,United Arab Emirates
Sri Lanka,Pakistan,Sri Lanka,1996-11-08,United Arab Emirates
New Zealand,Pakistan,Pakistan,1996-11-10,United Arab Emirates
New Zealand,Sri Lanka,Match tied,1996-11-11,United Arab Emirates
Sri Lanka,Pakistan,Pakistan,1996-11-12,United Arab Emirates
New Zealand,Pakistan,Pakistan,1996-11-13,United Arab Emirates
Pakistan,New Zealand,Pakistan,1996-11-15,United Arab Emirates
Pakistan,New Zealand,Pakistan,1996-12-04,Pakistan
West Indies,Australia,Australia,1996-12-06,Australia
Pakistan,New Zealand,Pakistan,1996-12-06,Pakistan
West Indies,Australia,Australia,1996-12-08,Australia
Pakistan,New Zealand,New Zealand,1996-12-08,Pakistan
India,South Africa,India,1996-12-14,India
Pakistan,Australia,Pakistan,1996-12-15,Australia
England,Zimbabwe,Zimbabwe,1996-12-15,Zimbabwe
Pakistan,West Indies,West Indies,1996-12-17,Australia
Australia,Pakistan,Pakistan,1997-01-01,Australia
Zimbabwe,England,Zimbabwe,1997-01-01,Zimbabwe
Pakistan,West Indies,West Indies,1997-01-03,Australia
Zimbabwe,England,Zimbabwe,1997-01-03,Zimbabwe
Australia,West Indies,West Indies,1997-01-05,Australia
Pakistan,Australia,Pakistan,1997-01-07,Australia
Pakistan,West Indies,West Indies,1997-01-10,Australia
Australia,West Indies,West Indies,1997-01-12,Australia
West Indies,Pakistan,Pakistan,1997-01-14,Australia
Pakistan,Australia,Australia,1997-01-16,Australia
South Africa,India,South Africa,1997-01-23,South Africa
Zimbabwe,South Africa,South Africa,1997-01-25,South Africa
Zimbabwe,India,Match tied,1997-01-27,South Africa
Zimbabwe,South Africa,South Africa,1997-01-29,South Africa
Zimbabwe,South Africa,South Africa,1997-01-31,South Africa
India,South Africa,South Africa,1997-02-02,South Africa
India,South Africa,South Africa,1997-02-04,South Africa
India,Zimbabwe,Zimbabwe,1997-02-07,South Africa
Zimbabwe,India,India,1997-02-09,South Africa
South Africa,India,South Africa,1997-02-13,South Africa
India,Zimbabwe,Zimbabwe,1997-02-15,Zimbabwe
New Zealand,England,England,1997-02-20,New Zealand
New Zealand,England,England,1997-02-23,New Zealand
New Zealand,England,Match tied,1997-02-26,New Zealand
New Zealand,England,New Zealand,1997-03-02,New Zealand
New Zealand,England,New Zealand,1997-03-04,New Zealand
New Zealand,Sri Lanka,Sri Lanka,1997-03-25,New Zealand
New Zealand,Sri Lanka,New Zealand,1997-03-27,New Zealand
Australia,South Africa,South Africa,1997-03-29,South Africa
South Africa,Australia,Australia,1997-03-31,South Africa
South Africa,Australia,South Africa,1997-04-02,South Africa
Zimbabwe,Sri Lanka,Sri Lanka,1997-04-03,United Arab Emirates
Sri Lanka,Pakistan,Sri Lanka,1997-04-04,United Arab Emirates
Australia,South Africa,Australia,1997-04-05,South Africa
Pakistan,Zimbabwe,Pakistan,1997-04-06,United Arab Emirates
Sri Lanka,Pakistan,Sri Lanka,1997-04-07,United Arab Emirates
Zimbabwe,Sri Lanka,Zimbabwe,1997-04-08,United Arab Emirates
Australia,South Africa,Australia,1997-04-08,South Africa
Pakistan,Zimbabwe,Pakistan,1997-04-09,United Arab Emirates
South Africa,Australia,Australia,1997-04-10,South Africa
Pakistan,Sri Lanka,Sri Lanka,1997-04-11,United Arab Emirates
South Africa,Australia,South Africa,1997-04-13,South Africa
India,West Indies,West Indies,1997-04-26,West Indies
West Indies,India,India,1997-04-27,West Indies
West Indies,India,West Indies,1997-04-30,West Indies
India,West Indies,West Indies,1997-05-03,West Indies
New Zealand,Pakistan,New Zealand,1997-05-09,India
Pakistan,Sri Lanka,Pakistan,1997-05-12,India
New Zealand,India,India,1997-05-14,India
India,Sri Lanka,Sri Lanka,1997-05-17,India
Sri Lanka,New Zealand,Sri Lanka,1997-05-20,India
Pakistan,India,Pakistan,1997-05-21,India
Australia,England,England,1997-05-22,England
Sri Lanka,Pakistan,Sri Lanka,1997-05-24,India
Australia,England,England,1997-05-24,England
Australia,England,England,1997-05-25,England
Sri Lanka,Pakistan,Sri Lanka,1997-05-27,India
West Indies,Sri Lanka,West Indies,1997-06-06,West Indies
Sri Lanka,Pakistan,Sri Lanka,1997-07-14,Sri Lanka
Pakistan,Bangladesh,Pakistan,1997-07-16,Sri Lanka
India,Sri Lanka,Sri Lanka,1997-07-18,Sri Lanka
Sri Lanka,Bangladesh,Sri Lanka,1997-07-22,Sri Lanka
Bangladesh,India,India,1997-07-24,Sri Lanka
India,Sri Lanka,Sri Lanka,1997-07-26,Sri Lanka
Sri Lanka,India,Sri Lanka,1997-08-17,Sri Lanka
India,Sri Lanka,Sri Lanka,1997-08-20,Sri Lanka
Sri Lanka,India,Sri Lanka,1997-08-24,Sri Lanka
India,Pakistan,India,1997-09-13,Canada
Pakistan,India,India,1997-09-14,Canada
India,Pakistan,India,1997-09-18,Canada
Pakistan,India,India,1997-09-20,Canada
India,Pakistan,Pakistan,1997-09-21,Canada
India,Pakistan,Pakistan,1997-09-28,Pakistan
Pakistan,India,India,1997-09-30,Pakistan
Zimbabwe,New Zealand,Match tied,1997-10-01,Zimbabwe
India,Pakistan,Pakistan,1997-10-02,Pakistan
New Zealand,Zimbabwe,Zimbabwe,1997-10-04,Zimbabwe
New Zealand,Zimbabwe,New Zealand,1997-10-05,Zimbabwe
Kenya,Bangladesh,Kenya,1997-10-10,Kenya
Zimbabwe,Bangladesh,Zimbabwe,1997-10-11,Kenya
Kenya,Zimbabwe,Zimbabwe,1997-10-12,Kenya
Zimbabwe,Bangladesh,Zimbabwe,1997-10-14,Kenya
Bangladesh,Kenya,Kenya,1997-10-15,Kenya
Kenya,Zimbabwe,Zimbabwe,1997-10-16,Kenya
Zimbabwe,Kenya,Zimbabwe,1997-10-18,Kenya
Zimbabwe,Kenya,Zimbabwe,1997-10-19,Kenya
West Indies,Sri Lanka,Sri Lanka,1997-11-01,Pakistan
South Africa,Pakistan,South Africa,1997-11-02,Pakistan
West Indies,South Africa,South Africa,1997-11-03,Pakistan
West Indies,Pakistan,Pakistan,1997-11-04,Pakistan
Pakistan,Sri Lanka,Sri Lanka,1997-11-05,Pakistan
South Africa,Sri Lanka,South Africa,1997-11-06,Pakistan
Sri Lanka,South Africa,South Africa,1997-11-08,Pakistan
South Africa,Australia,South Africa,1997-12-04,Australia
New Zealand,South Africa,New Zealand,1997-12-06,Australia
New Zealand,Australia,Australia,1997-12-07,Australia
South Africa,Australia,South Africa,1997-12-09,Australia
South Africa,New Zealand,South Africa,1997-12-11,Australia
England,India,England,1997-12-11,United Arab Emirates
West Indies,Pakistan,West Indies,1997-12-12,United Arab Emirates
West Indies,England,England,1997-12-13,United Arab Emirates
India,Pakistan,Pakistan,1997-12-14,United Arab Emirates
England,Pakistan,England,1997-12-15,United Arab Emirates
West Indies,India,West Indies,1997-12-16,United Arab Emirates
New Zealand,Australia,Australia,1997-12-17,Australia
West Indies,England,England,1997-12-19,United Arab Emirates
Sri Lanka,India,India,1997-12-22,India
India,Sri Lanka,Sri Lanka,1997-12-28,India
South Africa,New Zealand,South Africa,1998-01-09,Australia
Bangladesh,India,India,1998-01-10,Bangladesh
India,Pakistan,India,1998-01-11,Bangladesh
Australia,South Africa,South Africa,1998-01-11,Australia
Bangladesh,Pakistan,Pakistan,1998-01-12,Bangladesh
Pakistan,India,India,1998-01-14,Bangladesh
Australia,New Zealand,Australia,1998-01-14,Australia
India,Pakistan,Pakistan,1998-01-16,Bangladesh
South Africa,New Zealand,South Africa,1998-01-16,Australia
Pakistan,India,India,1998-01-18,Bangladesh
Australia,South Africa,South Africa,1998-01-18,Australia
Australia,New Zealand,New Zealand,1998-01-21,Australia
Zimbabwe,Sri Lanka,Sri Lanka,1998-01-22,Sri Lanka
South Africa,Australia,South Africa,1998-01-23,Australia
Zimbabwe,Sri Lanka,Sri Lanka,1998-01-24,Sri Lanka
South Africa,Australia,Australia,1998-01-26,Australia
Zimbabwe,Sri Lanka,Sri Lanka,1998-01-26,Sri Lanka
Australia,South Africa,Australia,1998-01-27,Australia
New Zealand,Zimbabwe,New Zealand,1998-02-04,New Zealand
Zimbabwe,New Zealand,New Zealand,1998-02-06,New Zealand
New Zealand,Australia,Australia,1998-02-08,New Zealand
Australia,New Zealand,Australia,1998-02-10,New Zealand
Australia,New Zealand,New Zealand,1998-02-12,New Zealand
New Zealand,Australia,New Zealand,1998-02-14,New Zealand
Zimbabwe,New Zealand,Zimbabwe,1998-03-04,New Zealand
Zimbabwe,New Zealand,New Zealand,1998-03-06,New Zealand
New Zealand,Zimbabwe,New Zealand,1998-03-08,New Zealand
Zimbabwe,Pakistan,Pakistan,1998-03-28,Zimbabwe
Zimbabwe,Pakistan,Pakistan,1998-03-29,Zimbabwe
England,West Indies,England,1998-03-29,West Indies
India,Australia,India,1998-04-01,India
England,West Indies,West Indies,1998-04-01,West Indies
Australia,Zimbabwe,Australia,1998-04-03,India
South Africa,Pakistan,South Africa,1998-04-03,South Africa
England,West Indies,West Indies,1998-04-04,West Indies
India,Zimbabwe,India,1998-04-05,India
South Africa,Sri Lanka,South Africa,1998-04-05,South Africa
England,West Indies,West Indies,1998-04-05,West Indies
Australia,India,India,1998-04-07,India
Sri Lanka,Pakistan,Pakistan,1998-04-07,South Africa
West Indies,England,West Indies,1998-04-08,West Indies
India,Zimbabwe,India,1998-04-09,India
Pakistan,Sri Lanka,Pakistan,1998-04-09,South Africa
Australia,Zimbabwe,Australia,1998-04-11,India
Pakistan,South Africa,South Africa,1998-04-11,South Africa
South Africa,Sri Lanka,Sri Lanka,1998-04-13,South Africa
India,Australia,Australia,1998-04-14,India
Sri Lanka,Pakistan,Sri Lanka,1998-04-15,South Africa
Pakistan,South Africa,South Africa,1998-04-17,South Africa
India,New Zealand,India,1998-04-17,United Arab Emirates
New Zealand,Australia,Australia,1998-04-18,United Arab Emirates
Sri Lanka,South Africa,South Africa,1998-04-19,South Africa
Australia,India,Australia,1998-04-19,United Arab Emirates
India,New Zealand,New Zealand,1998-04-20,United Arab Emirates
New Zealand,Australia,Australia,1998-04-21,United Arab Emirates
Australia,India,Australia,1998-04-22,United Arab Emirates
Pakistan,South Africa,South Africa,1998-04-23,South Africa
Australia,India,India,1998-04-24,United Arab Emirates
Bangladesh,India,India,1998-05-14,India
Kenya,Bangladesh,Bangladesh,1998-05-17,India
Kenya,India,India,1998-05-20,India
England,South Africa,South Africa,1998-05-21,England
Kenya,Bangladesh,Kenya,1998-05-23,India
South Africa,England,South Africa,1998-05-23,England
South Africa,England,England,1998-05-24,England
Bangladesh,India,India,1998-05-25,India
Kenya,India,Kenya,1998-05-28,India
Kenya,India,India,1998-05-31,India
Sri Lanka,India,India,1998-06-19,Sri Lanka
New Zealand,Sri Lanka,Sri Lanka,1998-06-21,Sri Lanka
Sri Lanka,India,Sri Lanka,1998-07-01,Sri Lanka
Sri Lanka,New Zealand,Sri Lanka,1998-07-05,Sri Lanka
India,Sri Lanka,India,1998-07-07,Sri Lanka
Sri Lanka,South Africa,Sri Lanka,1998-08-14,England
England,Sri Lanka,England,1998-08-16,England
South Africa,England,South Africa,1998-08-18,England
England,Sri Lanka,Sri Lanka,1998-08-20,England
Pakistan,India,India,1998-09-12,Canada
Pakistan,India,Pakistan,1998-09-13,Canada
Pakistan,India,Pakistan,1998-09-16,Canada
Pakistan,India,Pakistan,1998-09-19,Canada
India,Pakistan,Pakistan,1998-09-20,Canada
Zimbabwe,India,India,1998-09-26,Zimbabwe
Zimbabwe,India,India,1998-09-27,Zimbabwe
Zimbabwe,India,Zimbabwe,1998-09-30,Zimbabwe
Zimbabwe,New Zealand,New Zealand,1998-10-24,Bangladesh
England,South Africa,South Africa,1998-10-25,Bangladesh
New Zealand,Sri Lanka,Sri Lanka,1998-10-26,Bangladesh
India,Australia,India,1998-10-28,Bangladesh
West Indies,Pakistan,West Indies,1998-10-29,Bangladesh
South Africa,Sri Lanka,South Africa,1998-10-30,Bangladesh
India,West Indies,West Indies,1998-10-31,Bangladesh
West Indies,South Africa,South Africa,1998-11-01,Bangladesh
Australia,Pakistan,Australia,1998-11-06,Pakistan
Sri Lanka,India,India,1998-11-06,United Arab Emirates
Sri Lanka,Zimbabwe,Zimbabwe,1998-11-07,United Arab Emirates
Pakistan,Australia,Australia,1998-11-08,Pakistan
Zimbabwe,India,India,1998-11-08,United Arab Emirates
India,Sri Lanka,India,1998-11-09,United Arab Emirates
Pakistan,Australia,Australia,1998-11-10,Pakistan
Zimbabwe,Sri Lanka,Zimbabwe,1998-11-10,United Arab Emirates
Zimbabwe,India,Zimbabwe,1998-11-11,United Arab Emirates
Zimbabwe,India,India,1998-11-13,United Arab Emirates
Zimbabwe,Pakistan,Pakistan,1998-11-20,Pakistan
Pakistan,Zimbabwe,Zimbabwe,1998-11-22,Pakistan
Pakistan,Zimbabwe,Pakistan,1998-11-24,Pakistan
India,New Zealand,New Zealand,1999-01-09,New Zealand
England,Australia,England,1999-01-10,Australia
Sri Lanka,England,England,1999-01-11,Australia
New Zealand,India,India,1999-01-12,New Zealand
Sri Lanka,Australia,Australia,1999-01-13,Australia
England,Australia,Australia,1999-01-15,Australia
New Zealand,India,India,1999-01-16,New Zealand
England,Australia,England,1999-01-17,Australia
New Zealand,India,New Zealand,1999-01-19,New Zealand
Sri Lanka,England,England,1999-01-19,Australia
Australia,Sri Lanka,Sri Lanka,1999-01-21,Australia
West Indies,South Africa,South Africa,1999-01-22,South Africa
England,Sri Lanka,Sri Lanka,1999-01-23,Australia
Australia,Sri Lanka,Australia,1999-01-24,Australia
West Indies,South Africa,West Indies,1999-01-24,South Africa
Australia,England,Australia,1999-01-26,Australia
South Africa,West Indies,South Africa,1999-01-27,South Africa
England,Sri Lanka,England,1999-01-29,Australia
South Africa,West Indies,South Africa,1999-01-30,South Africa
Australia,Sri Lanka,Australia,1999-01-31,Australia
South Africa,West Indies,South Africa,1999-02-02,South Africa
Sri Lanka,England,Sri Lanka,1999-02-03,Australia
England,Australia,Australia,1999-02-05,Australia
South Africa,West Indies,South Africa,1999-02-05,South Africa
Australia,Sri Lanka,Australia,1999-02-07,Australia
South Africa,West Indies,South Africa,1999-02-07,South Africa
Australia,England,Australia,1999-02-10,Australia
Australia,England,Australia,1999-02-13,Australia
South Africa,New Zealand,New Zealand,1999-02-14,New Zealand
New Zealand,South Africa,South Africa,1999-02-17,New Zealand
South Africa,New Zealand,New Zealand,1999-02-20,New Zealand
Pakistan,Bangladesh,Pakistan,1999-03-16,Bangladesh
Pakistan,Sri Lanka,Pakistan,1999-03-19,India
Zimbabwe,Kenya,Zimbabwe,1999-03-19,Bangladesh
Bangladesh,Kenya,Kenya,1999-03-20,Bangladesh
Zimbabwe,Bangladesh,Zimbabwe,1999-03-21,Bangladesh
India,Sri Lanka,India,1999-03-22,India
Zimbabwe,Kenya,Zimbabwe,1999-03-23,Bangladesh
Pakistan,India,Pakistan,1999-03-24,India
Kenya,Bangladesh,Kenya,1999-03-24,Bangladesh
Bangladesh,Zimbabwe,Zimbabwe,1999-03-25,Bangladesh
New Zealand,South Africa,South Africa,1999-03-26,New Zealand
South Africa,New Zealand,South Africa,1999-03-27,New Zealand
Sri Lanka,Pakistan,Sri Lanka,1999-03-27,India
Zimbabwe,Kenya,Zimbabwe,1999-03-27,Bangladesh
India,Sri Lanka,India,1999-03-30,India
India,Pakistan,Pakistan,1999-04-01,India
Pakistan,India,Pakistan,1999-04-04,India
Pakistan,England,Pakistan,1999-04-07,United Arab Emirates
Pakistan,India,Pakistan,1999-04-08,United Arab Emirates
India,England,India,1999-04-09,United Arab Emirates
India,England,India,1999-04-11,United Arab Emirates
West Indies,Australia,West Indies,1999-04-11,West Indies
England,Pakistan,England,1999-04-12,United Arab Emirates
Pakistan,India,India,1999-04-13,United Arab Emirates
Australia,West Indies,Australia,1999-04-14,Grenada
India,Pakistan,Pakistan,1999-04-16,United Arab Emirates
Australia,West Indies,West Indies,1999-04-17,West Indies
Australia,West Indies,Australia,1999-04-18,West Indies
West Indies,Australia,Match tied,1999-04-21,Guyana
West Indies,Australia,Australia,1999-04-24,West Indies
Australia,West Indies,West Indies,1999-04-25,West Indies
Sri Lanka,England,England,1999-05-14,England
India,South Africa,South Africa,1999-05-15,England
Kenya,Zimbabwe,Zimbabwe,1999-05-15,England
Scotland,Australia,Australia,1999-05-16,England
Pakistan,West Indies,Pakistan,1999-05-16,England
Bangladesh,New Zealand,New Zealand,1999-05-17,England
Kenya,England,England,1999-05-18,England
Zimbabwe,India,Zimbabwe,1999-05-19,England
South Africa,Sri Lanka,South Africa,1999-05-19,England
Australia,New Zealand,New Zealand,1999-05-20,Wales
Pakistan,Scotland,Pakistan,1999-05-20,England
Bangladesh,West Indies,West Indies,1999-05-21,Ireland
South Africa,England,South Africa,1999-05-22,England
Zimbabwe,Sri Lanka,Sri Lanka,1999-05-22,England
India,Kenya,India,1999-05-23,England
Pakistan,Australia,Pakistan,1999-05-23,England
Bangladesh,Scotland,Bangladesh,1999-05-24,Midlothian
New Zealand,West Indies,West Indies,1999-05-24,England
Zimbabwe,England,England,1999-05-25,England
Kenya,South Africa,South Africa,1999-05-26,Netherlands
India,Sri Lanka,India,1999-05-26,England
Bangladesh,Australia,Australia,1999-05-27,England
Scotland,West Indies,West Indies,1999-05-27,England
Pakistan,New Zealand,Pakistan,1999-05-28,England
Zimbabwe,South Africa,Zimbabwe,1999-05-29,England
Sri Lanka,Kenya,Sri Lanka,1999-05-30,England
West Indies,Australia,Australia,1999-05-30,England
Bangladesh,Pakistan,Bangladesh,1999-05-31,England
Scotland,New Zealand,New Zealand,1999-05-31,Midlothian
Australia,India,Australia,1999-06-04,England
Pakistan,South Africa,South Africa,1999-06-05,England
India,Pakistan,India,1999-06-08,England
Australia,Zimbabwe,Australia,1999-06-09,England
South Africa,New Zealand,South Africa,1999-06-10,England
Pakistan,Zimbabwe,Pakistan,1999-06-11,England
India,New Zealand,New Zealand,1999-06-12,England
South Africa,Australia,Australia,1999-06-13,England
New Zealand,Pakistan,Pakistan,1999-06-16,England
Australia,South Africa,Match tied,1999-06-17,England
Pakistan,Australia,Australia,1999-06-20,England
Australia,Sri Lanka,Australia,1999-08-22,Sri Lanka
India,Australia,Australia,1999-08-23,Sri Lanka
India,Sri Lanka,Sri Lanka,1999-08-25,Sri Lanka
Australia,Sri Lanka,Australia,1999-08-26,Sri Lanka
Australia,India,Australia,1999-08-28,Sri Lanka
India,Sri Lanka,India,1999-08-29,Sri Lanka
Australia,Sri Lanka,Sri Lanka,1999-08-31,Sri Lanka
Zimbabwe,West Indies,West Indies,1999-09-02,Singapore
India,Zimbabwe,India,1999-09-04,Singapore
West Indies,India,West Indies,1999-09-05,Singapore
India,West Indies,West Indies,1999-09-08,Singapore
West Indies,India,India,1999-09-11,Canada
West Indies,India,West Indies,1999-09-12,Canada
India,West Indies,India,1999-09-14,Canada
Pakistan,West Indies,Pakistan,1999-09-16,Canada
Pakistan,West Indies,Pakistan,1999-09-18,Canada
West Indies,Pakistan,Pakistan,1999-09-19,Canada
Kenya,Zimbabwe,Zimbabwe,1999-09-25,Kenya
South Africa,India,India,1999-09-26,Kenya
Zimbabwe,South Africa,South Africa,1999-09-28,Kenya
India,Kenya,India,1999-09-29,Kenya
South Africa,Kenya,South Africa,1999-09-30,Kenya
India,Zimbabwe,India,1999-10-01,Kenya
South Africa,India,South Africa,1999-10-03,Kenya
West Indies,Bangladesh,West Indies,1999-10-08,Bangladesh
West Indies,Bangladesh,West Indies,1999-10-09,Bangladesh
Sri Lanka,West Indies,West Indies,1999-10-13,United Arab Emirates
Pakistan,West Indies,Pakistan,1999-10-14,United Arab Emirates
Pakistan,Sri Lanka,Match tied,1999-10-15,United Arab Emirates
West Indies,Sri Lanka,Sri Lanka,1999-10-17,United Arab Emirates
Pakistan,Sri Lanka,Pakistan,1999-10-18,United Arab Emirates
Pakistan,West Indies,Pakistan,1999-10-19,United Arab Emirates
Australia,Zimbabwe,Australia,1999-10-21,Zimbabwe
Pakistan,Sri Lanka,Pakistan,1999-10-22,United Arab Emirates
Zimbabwe,Australia,Australia,1999-10-23,Zimbabwe
Zimbabwe,Australia,Australia,1999-10-24,Zimbabwe
New Zealand,India,New Zealand,1999-11-05,India
India,New Zealand,India,1999-11-08,India
India,New Zealand,India,1999-11-11,India
New Zealand,India,New Zealand,1999-11-14,India
New Zealand,India,India,1999-11-17,India
Sri Lanka,Zimbabwe,Sri Lanka,1999-12-12,Zimbabwe
Sri Lanka,Zimbabwe,Sri Lanka,1999-12-15,Zimbabwe
Zimbabwe,Sri Lanka,Sri Lanka,1999-12-18,Zimbabwe
Sri Lanka,Zimbabwe,Zimbabwe,1999-12-19,Zimbabwe
West Indies,New Zealand,New Zealand,2000-01-02,New Zealand
West Indies,New Zealand,New Zealand,2000-01-04,New Zealand
West Indies,New Zealand,New Zealand,2000-01-06,New Zealand
West Indies,New Zealand,New Zealand,2000-08-09,New Zealand
Pakistan,Australia,Pakistan,2000-01-09,Australia
India,Pakistan,Pakistan,2000-01-10,Australia
New Zealand,West Indies,New Zealand,2000-01-11,New Zealand
Australia,India,Australia,2000-01-12,Australia
India,Australia,Australia,2000-01-14,Australia
Pakistan,Australia,Australia,2000-01-16,Australia
Australia,Pakistan,Australia,2000-01-19,Australia
Pakistan,India,Pakistan,2000-01-21,Australia
Zimbabwe,South Africa,South Africa,2000-01-21,South Africa
Australia,Pakistan,Australia,2000-01-23,Australia
South Africa,England,England,2000-01-23,South Africa
India,Pakistan,India,2000-01-25,Australia
Australia,India,Australia,2000-01-26,Australia
South Africa,England,South Africa,2000-01-26,South Africa
Pakistan,India,Pakistan,2000-01-28,Australia
Zimbabwe,England,Zimbabwe,2000-01-28,South Africa
India,Australia,Australia,2000-01-30,Australia
Zimbabwe,England,England,2000-01-30,South Africa
Pakistan,Australia,Australia,2000-02-02,Australia
South Africa,Zimbabwe,Zimbabwe,2000-02-02,South Africa
Australia,Pakistan,Australia,2000-02-04,Australia
England,South Africa,South Africa,2000-02-04,South Africa
South Africa,Zimbabwe,South Africa,2000-02-06,South Africa
Sri Lanka,Pakistan,Sri Lanka,2000-02-13,Pakistan
South Africa,England,South Africa,2000-02-13,South Africa
Sri Lanka,Pakistan,Sri Lanka,2000-02-16,Pakistan
Zimbabwe,England,England,2000-02-16,Zimbabwe
Zimbabwe,England,England,2000-02-18,Zimbabwe
New Zealand,Australia,Australia,2000-02-19,New Zealand
Sri Lanka,Pakistan,Sri Lanka,2000-02-19,Pakistan
England,Zimbabwe,England,2000-02-20,Zimbabwe
Australia,New Zealand,Australia,2000-02-23,New Zealand
Australia,New Zealand,Australia,2000-02-26,New Zealand
New Zealand,Australia,Australia,2000-03-01,New Zealand
Australia,New Zealand,New Zealand,2000-03-03,New Zealand
South Africa,India,India,2000-03-09,India
South Africa,India,India,2000-03-12,India
India,South Africa,South Africa,2000-03-15,India
South Africa,India,India,2000-03-17,India
South Africa,India,South Africa,2000-03-19,India
India,South Africa,South Africa,2000-03-22,United Arab Emirates
Pakistan,India,India,2000-03-23,United Arab Emirates
Pakistan,South Africa,South Africa,2000-03-24,United Arab Emirates
Pakistan,India,Pakistan,2000-03-26,United Arab Emirates
India,South Africa,South Africa,2000-03-27,United Arab Emirates
Pakistan,South Africa,Pakistan,2000-03-28,United Arab Emirates
Pakistan,South Africa,Pakistan,2000-03-31,United Arab Emirates
West Indies,Zimbabwe,West Indies,2000-04-01,West Indies
West Indies,Zimbabwe,West Indies,2000-04-02,West Indies
Zimbabwe,Pakistan,Pakistan,2000-04-05,West Indies
Australia,South Africa,South Africa,2000-04-12,South Africa
West Indies,Pakistan,West Indies,2000-04-12,West Indies
South Africa,Australia,Australia,2000-04-14,South Africa
Zimbabwe,Pakistan,Pakistan,2000-04-15,Grenada
Australia,South Africa,South Africa,2000-04-16,South Africa
West Indies,Pakistan,West Indies,2000-04-16,Grenada
Pakistan,West Indies,Pakistan,2000-04-19,West Indies
West Indies,Pakistan,West Indies,2000-04-22,West Indies
West Indies,Pakistan,Pakistan,2000-04-23,West Indies
Bangladesh,Sri Lanka,Sri Lanka,2000-05-29,Bangladesh
Sri Lanka,India,Sri Lanka,2000-06-01,Bangladesh
Pakistan,Bangladesh,Pakistan,2000-06-02,Bangladesh
Pakistan,India,Pakistan,2000-06-03,Bangladesh
Sri Lanka,Pakistan,Pakistan,2000-06-05,Bangladesh
Pakistan,Sri Lanka,Pakistan,2000-06-07,Bangladesh
Pakistan,Sri Lanka,Sri Lanka,2000-07-05,Sri Lanka
Sri Lanka,South Africa,Sri Lanka,2000-07-06,Sri Lanka
West Indies,Zimbabwe,Zimbabwe,2000-07-06,England
South Africa,Pakistan,South Africa,2000-07-08,Sri Lanka
England,Zimbabwe,Zimbabwe,2000-07-08,England
Pakistan,Sri Lanka,Sri Lanka,2000-07-09,Sri Lanka
South Africa,Sri Lanka,Sri Lanka,2000-07-11,Sri Lanka
Zimbabwe,West Indies,Zimbabwe,2000-07-11,England
Pakistan,South Africa,South Africa,2000-07-12,Sri Lanka
Zimbabwe,England,England,2000-07-13,England
Sri Lanka,South Africa,Sri Lanka,2000-07-14,Sri Lanka
West Indies,England,England,2000-07-15,England
West Indies,Zimbabwe,Zimbabwe,2000-07-16,England
England,Zimbabwe,England,2000-07-18,England
West Indies,England,West Indies,2000-07-20,England
Zimbabwe,England,England,2000-07-22,England
Australia,South Africa,Australia,2000-08-16,Australia
South Africa,Australia,Match tied,2000-08-18,Australia
South Africa,Australia,South Africa,2000-08-20,Australia
Pakistan,New Zealand,Pakistan,2000-08-20,Singapore
Pakistan,South Africa,Pakistan,2000-08-23,Singapore
New Zealand,South Africa,South Africa,2000-08-25,Singapore
South Africa,Pakistan,South Africa,2000-08-27,Singapore
Zimbabwe,New Zealand,New Zealand,2000-09-27,Zimbabwe
Zimbabwe,New Zealand,Zimbabwe,2000-09-30,Zimbabwe
New Zealand,Zimbabwe,Zimbabwe,2000-10-01,Zimbabwe
Kenya,India,India,2000-10-03,Kenya
Sri Lanka,West Indies,Sri Lanka,2000-10-04,Kenya
Bangladesh,England,England,2000-10-05,Kenya
India,Australia,India,2000-10-07,Kenya
Sri Lanka,Pakistan,Pakistan,2000-10-08,Kenya
New Zealand,Zimbabwe,New Zealand,2000-10-09,Kenya
England,South Africa,South Africa,2000-10-10,Kenya
Pakistan,New Zealand,New Zealand,2000-10-11,Kenya
India,South Africa,India,2000-10-13,Kenya
India,New Zealand,New Zealand,2000-10-15,Kenya
India,Sri Lanka,Sri Lanka,2000-10-20,United Arab Emirates
Zimbabwe,Sri Lanka,Sri Lanka,2000-10-21,United Arab Emirates
New Zealand,South Africa,South Africa,2000-10-22,South Africa
India,Zimbabwe,India,2000-10-22,United Arab Emirates
Pakistan,England,England,2000-10-24,Pakistan
Sri Lanka,Zimbabwe,Sri Lanka,2000-10-25,United Arab Emirates
South Africa,New Zealand,South Africa,2000-10-25,South Africa
Zimbabwe,India,India,2000-10-26,United Arab Emirates
England,Pakistan,Pakistan,2000-10-27,Pakistan
Sri Lanka,India,Sri Lanka,2000-10-27,United Arab Emirates
New Zealand,South Africa,South Africa,2000-10-28,South Africa
Sri Lanka,India,Sri Lanka,2000-10-29,United Arab Emirates
England,Pakistan,Pakistan,2000-10-30,Pakistan
New Zealand,South Africa,South Africa,2000-11-01,South Africa
New Zealand,South Africa,South Africa,2000-11-04,South Africa
Zimbabwe,India,India,2000-12-02,India
India,Zimbabwe,India,2000-12-05,India
India,Zimbabwe,Zimbabwe,2000-12-08,India
Zimbabwe,India,India,2000-12-11,India
India,Zimbabwe,India,2000-12-14,India
Sri Lanka,South Africa,South Africa,2000-12-15,South Africa
South Africa,Sri Lanka,South Africa,2000-12-17,South Africa
Zimbabwe,New Zealand,Zimbabwe,2001-01-02,New Zealand
Zimbabwe,New Zealand,New Zealand,2001-01-04,New Zealand
New Zealand,Zimbabwe,Zimbabwe,2001-01-07,New Zealand
Sri Lanka,South Africa,South Africa,2001-01-09,South Africa
Australia,West Indies,Australia,2001-01-11,Australia
South Africa,Sri Lanka,South Africa,2001-01-11,South Africa
Zimbabwe,West Indies,West Indies,2001-01-13,Australia
West Indies,Australia,Australia,2001-01-14,Australia
Sri Lanka,South Africa,South Africa,2001-01-14,South Africa
Australia,West Indies,Australia,2001-01-17,Australia
Sri Lanka,South Africa,Sri Lanka,2001-01-17,South Africa
Zimbabwe,Australia,Australia,2001-01-21,Australia
Zimbabwe,West Indies,Zimbabwe,2001-01-23,Australia
West Indies,Zimbabwe,West Indies,2001-01-25,Australia
West Indies,Australia,Australia,2001-01-26,Australia
Australia,Zimbabwe,Australia,2001-01-28,Australia
Zimbabwe,Australia,Australia,2001-01-30,Australia
Sri Lanka,New Zealand,Sri Lanka,2001-01-31,New Zealand
West Indies,Zimbabwe,West Indies,2001-02-02,Australia
New Zealand,Sri Lanka,Sri Lanka,2001-02-03,New Zealand
Australia,Zimbabwe,Australia,2001-02-04,Australia
New Zealand,Sri Lanka,Sri Lanka,2001-02-06,New Zealand
Australia,West Indies,Australia,2001-02-07,Australia
New Zealand,Sri Lanka,Sri Lanka,2001-02-08,New Zealand
Australia,West Indies,Australia,2001-02-09,Australia
New Zealand,Sri Lanka,New Zealand,2001-02-11,New Zealand
Pakistan,New Zealand,New Zealand,2001-02-20,New Zealand
Pakistan,New Zealand,Pakistan,2001-02-22,New Zealand
New Zealand,Pakistan,New Zealand,2001-02-25,New Zealand
Pakistan,New Zealand,New Zealand,2001-02-28,New Zealand
England,Sri Lanka,Sri Lanka,2001-03-23,Sri Lanka
Sri Lanka,England,Sri Lanka,2001-03-25,Sri Lanka
India,Australia,India,2001-03-25,India
England,Sri Lanka,Sri Lanka,2001-03-27,Sri Lanka
India,Australia,Australia,2001-03-28,India
India,Australia,India,2001-03-31,India
Australia,India,Australia,2001-04-03,India
India,Australia,Australia,2001-04-06,India
Bangladesh,Zimbabwe,Zimbabwe,2001-04-07,Zimbabwe
Zimbabwe,Bangladesh,Zimbabwe,2001-04-08,Zimbabwe
Pakistan,Sri Lanka,Pakistan,2001-04-08,United Arab Emirates
Sri Lanka,New Zealand,Sri Lanka,2001-04-10,United Arab Emirates
Zimbabwe,Bangladesh,Zimbabwe,2001-04-11,Zimbabwe
New Zealand,Pakistan,Pakistan,2001-04-12,United Arab Emirates
Pakistan,Sri Lanka,Pakistan,2001-04-13,United Arab Emirates
New Zealand,Pakistan,Pakistan,2001-04-15,United Arab Emirates
New Zealand,Sri Lanka,New Zealand,2001-04-17,United Arab Emirates
Sri Lanka,Pakistan,Sri Lanka,2001-04-20,United Arab Emirates
South Africa,West Indies,West Indies,2001-04-28,West Indies
West Indies,South Africa,South Africa,2001-05-02,West Indies
South Africa,West Indies,South Africa,2001-05-05,Grenada
West Indies,South Africa,South Africa,2001-05-06,Grenada
West Indies,South Africa,South Africa,2001-05-09,West Indies
South Africa,West Indies,South Africa,2001-05-12,West Indies
South Africa,West Indies,West Indies,2001-05-16,West Indies
Pakistan,England,Pakistan,2001-06-07,England
Pakistan,Australia,Australia,2001-06-09,Wales
England,Australia,Australia,2001-06-10,England
Pakistan,England,Pakistan,2001-06-12,England
Australia,England,Australia,2001-06-14,England
England,Pakistan,Pakistan awarded the match (opposition conceded),2001-06-17,England
Pakistan,Australia,Pakistan,2001-06-19,England
England,Australia,Australia,2001-06-21,England
West Indies,Zimbabwe,West Indies,2001-06-23,Zimbabwe
Pakistan,Australia,Australia,2001-06-23,England
Zimbabwe,India,India,2001-06-24,Zimbabwe
Zimbabwe,India,India,2001-06-27,Zimbabwe
West Indies,India,India,2001-06-30,Zimbabwe
Zimbabwe,West Indies,West Indies,2001-07-01,Zimbabwe
West Indies,India,India,2001-07-04,Zimbabwe
West Indies,India,West Indies,2001-07-07,Zimbabwe
Sri Lanka,New Zealand,Sri Lanka,2001-07-18,Sri Lanka
New Zealand,India,New Zealand,2001-07-20,Sri Lanka
Sri Lanka,India,Sri Lanka,2001-07-22,Sri Lanka
New Zealand,Sri Lanka,Sri Lanka,2001-07-25,Sri Lanka
New Zealand,India,New Zealand,2001-07-26,Sri Lanka
Sri Lanka,India,India,2001-07-28,Sri Lanka
Sri Lanka,New Zealand,Sri Lanka,2001-07-31,Sri Lanka
India,Sri Lanka,India,2001-08-01,Sri Lanka
New Zealand,India,India,2001-08-02,Sri Lanka
Sri Lanka,India,Sri Lanka,2001-08-05,Sri Lanka
West Indies,Kenya,West Indies,2001-08-15,Kenya
Kenya,West Indies,West Indies,2001-08-18,Kenya
Kenya,West Indies,West Indies,2001-08-19,Kenya
South Africa,Zimbabwe,South Africa,2001-09-23,Zimbabwe
South Africa,Zimbabwe,South Africa,2001-09-29,Zimbabwe
Zimbabwe,South Africa,South Africa,2001-09-30,Zimbabwe
Zimbabwe,England,England,2001-10-03,Zimbabwe
India,South Africa,South Africa,2001-10-05,South Africa
Zimbabwe,England,England,2001-10-06,Zimbabwe
Zimbabwe,England,England,2001-10-07,Zimbabwe
Kenya,South Africa,South Africa,2001-10-07,South Africa
England,Zimbabwe,England,2001-10-10,Zimbabwe
India,South Africa,India,2001-10-10,South Africa
Kenya,India,India,2001-10-12,South Africa
Zimbabwe,England,England,2001-10-13,Zimbabwe
Kenya,South Africa,South Africa,2001-10-14,South Africa
Kenya,India,Kenya,2001-10-17,South Africa
South Africa,India,South Africa,2001-10-19,South Africa
South Africa,Kenya,South Africa,2001-10-22,South Africa
India,Kenya,India,2001-10-24,South Africa
Sri Lanka,Zimbabwe,Sri Lanka,2001-10-26,United Arab Emirates
India,South Africa,South Africa,2001-10-26,South Africa
Pakistan,Sri Lanka,Sri Lanka,2001-10-27,United Arab Emirates
Pakistan,Zimbabwe,Pakistan,2001-10-28,United Arab Emirates
Sri Lanka,Zimbabwe,Sri Lanka,2001-10-30,United Arab Emirates
Pakistan,Zimbabwe,Pakistan,2001-10-31,United Arab Emirates
Sri Lanka,Pakistan,Pakistan,2001-11-02,United Arab Emirates
Sri Lanka,Pakistan,Pakistan,2001-11-04,United Arab Emirates
Bangladesh,Zimbabwe,Zimbabwe,2001-11-23,Bangladesh
Zimbabwe,Bangladesh,Zimbabwe,2001-11-25,Bangladesh
Bangladesh,Zimbabwe,Zimbabwe,2001-11-26,Bangladesh
Zimbabwe,Sri Lanka,Sri Lanka,2001-12-08,Sri Lanka
West Indies,Zimbabwe,Zimbabwe,2001-12-09,Sri Lanka
West Indies,Sri Lanka,West Indies,2001-12-11,Sri Lanka
Sri Lanka,Zimbabwe,Sri Lanka,2001-12-12,Sri Lanka
West Indies,Sri Lanka,Sri Lanka,2001-12-15,Sri Lanka
Zimbabwe,West Indies,West Indies,2001-12-16,Sri Lanka
Sri Lanka,West Indies,Sri Lanka,2001-12-19,Sri Lanka
New Zealand,Australia,New Zealand,2002-01-11,Australia
Australia,South Africa,South Africa,2002-01-13,Australia
South Africa,New Zealand,South Africa,2002-01-15,Australia
New Zealand,Australia,New Zealand,2002-01-17,Australia
South Africa,New Zealand,New Zealand,2002-01-19,Australia
India,England,India,2002-01-19,India
Australia,South Africa,Australia,2002-01-20,Australia
Pakistan,Bangladesh,Pakistan,2002-01-22,Bangladesh
South Africa,Australia,Australia,2002-01-22,Australia
England,India,England,2002-01-22,India
Pakistan,Bangladesh,Pakistan,2002-01-24,Bangladesh
Bangladesh,Pakistan,Pakistan,2002-01-25,Bangladesh
England,India,India,2002-01-25,India
New Zealand,Australia,New Zealand,2002-01-26,Australia
South Africa,New Zealand,South Africa,2002-01-27,Australia
England,India,India,2002-01-28,India
New Zealand,Australia,Australia,2002-01-29,Australia
England,India,England,2002-01-31,India
South Africa,New Zealand,South Africa,2002-02-01,Australia
Australia,South Africa,Australia,2002-02-03,Australia
England,India,England,2002-02-03,India
New Zealand,South Africa,South Africa,2002-02-06,Australia
New Zealand,South Africa,South Africa,2002-02-08,Australia
England,New Zealand,New Zealand,2002-02-13,New Zealand
West Indies,Pakistan,Pakistan,2002-02-14,United Arab Emirates
Pakistan,West Indies,Pakistan,2002-02-15,United Arab Emirates
New Zealand,England,New Zealand,2002-02-16,New Zealand
West Indies,Pakistan,West Indies,2002-02-17,United Arab Emirates
England,New Zealand,England,2002-02-20,New Zealand
England,New Zealand,England,2002-02-23,New Zealand
England,New Zealand,New Zealand,2002-02-26,New Zealand
India,Zimbabwe,Zimbabwe,2002-03-07,India
India,Zimbabwe,India,2002-03-10,India
India,Zimbabwe,Zimbabwe,2002-03-13,India
Zimbabwe,India,India,2002-03-16,India
India,Zimbabwe,India,2002-03-19,India
Australia,South Africa,Australia,2002-03-22,South Africa
Australia,South Africa,Australia,2002-03-24,South Africa
South Africa,Australia,Match tied,2002-03-27,South Africa
Australia,South Africa,Australia,2002-03-30,South Africa
South Africa,Australia,Australia,2002-04-03,South Africa
South Africa,Australia,Australia,2002-04-06,South Africa
Sri Lanka,Pakistan,Sri Lanka,2002-04-08,United Arab Emirates
New Zealand,Sri Lanka,New Zealand,2002-04-09,United Arab Emirates
South Africa,Australia,South Africa,2002-04-09,South Africa
Pakistan,New Zealand,Pakistan,2002-04-11,United Arab Emirates
Sri Lanka,Pakistan,Sri Lanka,2002-04-12,United Arab Emirates
Sri Lanka,New Zealand,Sri Lanka,2002-04-14,United Arab Emirates
New Zealand,Pakistan,Pakistan,2002-04-15,United Arab Emirates
Pakistan,Sri Lanka,Pakistan,2002-04-17,United Arab Emirates
Pakistan,New Zealand,Pakistan,2002-04-21,Pakistan
New Zealand,Pakistan,Pakistan,2002-04-24,Pakistan
Pakistan,New Zealand,Pakistan,2002-04-27,Pakistan
West Indies,India,India,2002-05-29,West Indies
India,West Indies,West Indies,2002-06-01,West Indies
India,West Indies,India,2002-06-02,West Indies
New Zealand,West Indies,West Indies,2002-06-08,West Indies
New Zealand,West Indies,West Indies,2002-06-09,West Indies
Pakistan,Australia,Australia,2002-06-12,Australia
New Zealand,West Indies,New Zealand,2002-06-12,West Indies
Australia,Pakistan,Pakistan,2002-06-15,Australia
New Zealand,West Indies,West Indies,2002-06-16,West Indies
Pakistan,Australia,Pakistan,2002-06-19,Australia
England,Sri Lanka,England,2002-06-27,England
England,India,India,2002-06-29,England
Sri Lanka,India,India,2002-06-30,England
Sri Lanka,England,England,2002-07-02,England
Sri Lanka,India,India,2002-07-06,England
Sri Lanka,England,Sri Lanka,2002-07-07,England
England,India,England,2002-07-09,England
India,Sri Lanka,India,2002-07-11,England
England,India,India,2002-07-13,England
Bangladesh,Sri Lanka,Sri Lanka,2002-08-04,Sri Lanka
Bangladesh,Sri Lanka,Sri Lanka,2002-08-05,Sri Lanka
Sri Lanka,Bangladesh,Sri Lanka,2002-08-07,Sri Lanka
South Africa,Pakistan,South Africa,2002-08-12,Morocco
Pakistan,Sri Lanka,Pakistan,2002-08-14,Morocco
Sri Lanka,South Africa,Sri Lanka,2002-08-15,Morocco
Sri Lanka,Pakistan,Sri Lanka,2002-08-17,Morocco
South Africa,Pakistan,South Africa,2002-08-18,Morocco
South Africa,Sri Lanka,Sri Lanka,2002-08-19,Morocco
Sri Lanka,South Africa,Sri Lanka,2002-08-21,Morocco
Kenya,Pakistan,Pakistan,2002-08-29,Kenya
Australia,Pakistan,Australia,2002-08-30,Kenya
Kenya,Pakistan,Pakistan,2002-09-01,Kenya
Kenya,Australia,Australia,2002-09-02,Kenya
Pakistan,Australia,Australia,2002-09-04,Kenya
Kenya,Australia,Australia,2002-09-05,Kenya
Pakistan,Sri Lanka,Sri Lanka,2002-09-12,Sri Lanka
West Indies,South Africa,South Africa,2002-09-13,Sri Lanka
India,Zimbabwe,India,2002-09-14,Sri Lanka
Australia,New Zealand,Australia,2002-09-15,Sri Lanka
Sri Lanka,Netherlands,Sri Lanka,2002-09-16,Sri Lanka
West Indies,Kenya,West Indies,2002-09-17,Sri Lanka
England,Zimbabwe,England,2002-09-18,Sri Lanka
Bangladesh,Australia,Australia,2002-09-19,Sri Lanka
South Africa,Kenya,South Africa,2002-09-20,Sri Lanka
Netherlands,Pakistan,Pakistan,2002-09-21,Sri Lanka
England,India,India,2002-09-22,Sri Lanka
New Zealand,Bangladesh,New Zealand,2002-09-23,Sri Lanka
India,South Africa,India,2002-09-25,Sri Lanka
Australia,Sri Lanka,Sri Lanka,2002-09-27,Sri Lanka
South Africa,Bangladesh,South Africa,2002-10-03,South Africa
Bangladesh,South Africa,South Africa,2002-10-06,South Africa
Bangladesh,South Africa,South Africa,2002-10-09,South Africa
India,West Indies,West Indies,2002-11-06,India
India,West Indies,West Indies,2002-11-09,India
West Indies,India,India,2002-11-12,India
West Indies,India,India,2002-11-15,India
India,West Indies,West Indies,2002-11-18,India
West Indies,India,India,2002-11-21,India
Pakistan,Zimbabwe,Pakistan,2002-11-23,Zimbabwe
West Indies,India,West Indies,2002-11-24,India
Pakistan,Zimbabwe,Pakistan,2002-11-24,Zimbabwe
Pakistan,Zimbabwe,Pakistan,2002-11-27,Zimbabwe
Sri Lanka,South Africa,South Africa,2002-11-27,South Africa
South Africa,Sri Lanka,South Africa,2002-11-29,South Africa
Zimbabwe,Pakistan,Pakistan,2002-11-30,Zimbabwe
Pakistan,Zimbabwe,Pakistan,2002-12-01,Zimbabwe
South Africa,Sri Lanka,Sri Lanka,2002-12-01,South Africa
West Indies,Bangladesh,West Indies,2002-12-02,Bangladesh
West Indies,Bangladesh,West Indies,2002-12-03,Bangladesh
Sri Lanka,South Africa,South Africa,2002-12-04,South Africa
Sri Lanka,South Africa,South Africa,2002-12-06,South Africa
South Africa,Pakistan,South Africa,2002-12-08,South Africa
Zimbabwe,Kenya,Zimbabwe,2002-12-11,Zimbabwe
Pakistan,South Africa,Pakistan,2002-12-11,South Africa
England,Australia,Australia,2002-12-13,Australia
South Africa,Pakistan,South Africa,2002-12-13,South Africa
Australia,England,Australia,2002-12-15,Australia
Kenya,Zimbabwe,Zimbabwe,2002-12-15,Zimbabwe
Pakistan,South Africa,South Africa,2002-12-16,South Africa
England,Sri Lanka,England,2002-12-17,Australia
South Africa,Pakistan,South Africa,2002-12-18,South Africa
England,Sri Lanka,England,2002-12-20,Australia
Australia,Sri Lanka,Australia,2002-12-22,Australia
India,New Zealand,New Zealand,2002-12-26,New Zealand
New Zealand,India,New Zealand,2002-12-29,New Zealand
India,New Zealand,New Zealand,2003-01-01,New Zealand
India,New Zealand,New Zealand,2003-01-04,New Zealand
New Zealand,India,India,2003-01-08,New Zealand
Sri Lanka,Australia,Sri Lanka,2003-01-09,Australia
Australia,England,Australia,2003-01-11,Australia
New Zealand,India,India,2003-01-11,New Zealand
Sri Lanka,England,Sri Lanka,2003-01-13,Australia
India,New Zealand,New Zealand,2003-01-14,New Zealand
Sri Lanka,Australia,Australia,2003-01-15,Australia
England,Sri Lanka,England,2003-01-17,Australia
England,Australia,Australia,2003-01-19,Australia
Sri Lanka,Australia,Australia,2003-01-21,Australia
England,Australia,Australia,2003-01-23,Australia
Australia,England,Australia,2003-01-25,Australia
West Indies,South Africa,West Indies,2003-02-09,South Africa
Zimbabwe,Namibia,Zimbabwe,2003-02-10,Zimbabwe
Sri Lanka,New Zealand,Sri Lanka,2003-02-10,South Africa
Australia,Pakistan,Australia,2003-02-11,South Africa
Canada,Bangladesh,Canada,2003-02-11,South Africa
Kenya,South Africa,South Africa,2003-02-12,South Africa
India,Netherlands,India,2003-02-12,South Africa
New Zealand,West Indies,New Zealand,2003-02-13,South Africa
Bangladesh,Sri Lanka,Sri Lanka,2003-02-14,South Africa
India,Australia,Australia,2003-02-15,South Africa
Canada,Kenya,Kenya,2003-02-15,South Africa
Netherlands,England,England,2003-02-16,South Africa
Pakistan,Namibia,Pakistan,2003-02-16,South Africa
South Africa,New Zealand,New Zealand,2003-02-16,South Africa
India,Zimbabwe,India,2003-02-19,Zimbabwe
Canada,Sri Lanka,Sri Lanka,2003-02-19,South Africa
England,Namibia,England,2003-02-19,South Africa
Australia,Netherlands,Australia,2003-02-20,South Africa
Bangladesh,South Africa,South Africa,2003-02-22,South Africa
England,Pakistan,England,2003-02-22,South Africa
Canada,West Indies,West Indies,2003-02-23,South Africa
India,Namibia,India,2003-02-23,South Africa
Kenya,Sri Lanka,Kenya,2003-02-24,Kenya
Zimbabwe,Australia,Australia,2003-02-24,Zimbabwe
Pakistan,Netherlands,Pakistan,2003-02-25,South Africa
Bangladesh,New Zealand,New Zealand,2003-02-26,South Africa
India,England,India,2003-02-26,South Africa
Australia,Namibia,Australia,2003-02-27,South Africa
South Africa,Canada,South Africa,2003-02-27,South Africa
Zimbabwe,Netherlands,Zimbabwe,2003-02-28,Zimbabwe
Sri Lanka,West Indies,Sri Lanka,2003-02-28,South Africa
Kenya,Bangladesh,Kenya,2003-03-01,South Africa
Pakistan,India,India,2003-03-01,South Africa
England,Australia,Australia,2003-03-02,South Africa
Canada,New Zealand,New Zealand,2003-03-03,South Africa
Netherlands,Namibia,Netherlands,2003-03-03,South Africa
Sri Lanka,South Africa,Match tied (D/L method),2003-03-03,South Africa
West Indies,Kenya,West Indies,2003-03-04,South Africa
Australia,Sri Lanka,Australia,2003-03-07,South Africa
Kenya,India,India,2003-03-07,South Africa
Zimbabwe,New Zealand,New Zealand,2003-03-08,South Africa
India,Sri Lanka,India,2003-03-10,South Africa
Australia,New Zealand,Australia,2003-03-11,South Africa
Zimbabwe,Kenya,Kenya,2003-03-12,South Africa
New Zealand,India,India,2003-03-14,South Africa
Sri Lanka,Zimbabwe,Sri Lanka,2003-03-15,South Africa
Kenya,Australia,Australia,2003-03-15,South Africa
Australia,Sri Lanka,Australia,2003-03-18,South Africa
India,Kenya,India,2003-03-20,South Africa
Australia,India,Australia,2003-03-23,South Africa
Pakistan,Zimbabwe,Pakistan,2003-04-03,United Arab Emirates
Sri Lanka,Pakistan,Pakistan,2003-04-04,United Arab Emirates
Kenya,Zimbabwe,Zimbabwe,2003-04-05,United Arab Emirates
Sri Lanka,Kenya,Sri Lanka,2003-04-06,United Arab Emirates
Sri Lanka,Zimbabwe,Zimbabwe,2003-04-07,United Arab Emirates
Pakistan,Kenya,Pakistan,2003-04-08,United Arab Emirates
Zimbabwe,Pakistan,Pakistan,2003-04-10,United Arab Emirates
India,Bangladesh,India,2003-04-11,Bangladesh
India,South Africa,India,2003-04-13,Bangladesh
South Africa,Bangladesh,South Africa,2003-04-14,Bangladesh
Bangladesh,India,India,2003-04-16,Bangladesh
South Africa,Bangladesh,South Africa,2003-04-17,Bangladesh
India,South Africa,South Africa,2003-04-18,Bangladesh
Pakistan,Sri Lanka,Pakistan,2003-05-10,Sri Lanka
Pakistan,New Zealand,New Zealand,2003-05-11,Sri Lanka
New Zealand,Sri Lanka,Sri Lanka,2003-05-13,Sri Lanka
Australia,West Indies,Australia,2003-05-17,West Indies
Sri Lanka,Pakistan,Sri Lanka,2003-05-18,Sri Lanka
West Indies,Australia,Australia,2003-05-18,West Indies
New Zealand,Sri Lanka,New Zealand,2003-05-19,Sri Lanka
Pakistan,New Zealand,Pakistan,2003-05-20,Sri Lanka
Australia,West Indies,Australia,2003-05-21,West Indies
Pakistan,New Zealand,New Zealand,2003-05-23,Sri Lanka
Australia,West Indies,Australia,2003-05-24,West Indies
West Indies,Australia,West Indies,2003-05-25,West Indies
Australia,West Indies,West Indies,2003-05-30,Grenada
Australia,West Indies,West Indies,2003-06-01,Grenada
Sri Lanka,West Indies,Sri Lanka,2003-06-07,West Indies
West Indies,Sri Lanka,Sri Lanka,2003-06-08,West Indies
Sri Lanka,West Indies,West Indies,2003-06-11,West Indies
England,Pakistan,Pakistan,2003-06-17,England
Pakistan,England,England,2003-06-20,England
Pakistan,England,England,2003-06-22,England
England,Zimbabwe,Zimbabwe,2003-06-26,England
South Africa,England,England,2003-06-28,England
South Africa,Zimbabwe,South Africa,2003-06-29,England
England,South Africa,South Africa,2003-07-03,England
Zimbabwe,South Africa,South Africa,2003-07-05,Wales
Zimbabwe,England,England,2003-07-06,England
South Africa,England,England,2003-07-08,England
Zimbabwe,South Africa,South Africa,2003-07-10,England
South Africa,England,England,2003-07-12,England
Bangladesh,Australia,Australia,2003-08-02,Australia
Bangladesh,Australia,Australia,2003-08-03,Australia
Australia,Bangladesh,Australia,2003-08-06,Australia
Pakistan,Bangladesh,Pakistan,2003-09-09,Pakistan
Pakistan,Bangladesh,Pakistan,2003-09-12,Pakistan
Pakistan,Bangladesh,Pakistan,2003-09-15,Pakistan
Bangladesh,Pakistan,Pakistan,2003-09-18,Pakistan
Pakistan,Bangladesh,Pakistan,2003-09-21,Pakistan
Pakistan,South Africa,Pakistan,2003-10-03,Pakistan
Pakistan,South Africa,Pakistan,2003-10-05,Pakistan
Pakistan,South Africa,South Africa,2003-10-07,Pakistan
Pakistan,South Africa,South Africa,2003-10-10,Pakistan
Pakistan,South Africa,South Africa,2003-10-12,Pakistan
India,Australia,India,2003-10-26,India
New Zealand,Australia,Australia,2003-10-29,India
Australia,India,Australia,2003-11-01,India
New Zealand,Australia,Australia,2003-11-03,India
India,New Zealand,New Zealand,2003-11-06,India
Bangladesh,England,England,2003-11-07,Bangladesh
Australia,New Zealand,Australia,2003-11-09,India
Bangladesh,England,England,2003-11-10,Bangladesh
Bangladesh,England,England,2003-11-12,Bangladesh
Australia,India,Australia,2003-11-12,India
India,New Zealand,India,2003-11-15,India
England,Sri Lanka,Sri Lanka,2003-11-18,Sri Lanka
Australia,India,Australia,2003-11-18,India
West Indies,Zimbabwe,West Indies,2003-11-22,Zimbabwe
West Indies,Zimbabwe,Zimbabwe,2003-11-23,Zimbabwe
Zimbabwe,West Indies,Zimbabwe,2003-11-26,Zimbabwe
West Indies,Zimbabwe,West Indies,2003-11-29,Zimbabwe
New Zealand,Pakistan,Pakistan,2003-11-29,Pakistan
Zimbabwe,West Indies,West Indies,2003-11-30,Zimbabwe
Pakistan,New Zealand,Pakistan,2003-12-01,Pakistan
Pakistan,New Zealand,Pakistan,2003-12-03,Pakistan
New Zealand,Pakistan,Pakistan,2003-12-05,Pakistan
Pakistan,New Zealand,Pakistan,2003-12-07,Pakistan
Pakistan,New Zealand,New Zealand,2004-01-03,New Zealand
New Zealand,Pakistan,Pakistan,2004-01-07,New Zealand
Australia,India,Australia,2004-01-09,Australia
Pakistan,New Zealand,New Zealand,2004-01-10,New Zealand
Australia,Zimbabwe,Australia,2004-01-11,Australia
Pakistan,New Zealand,New Zealand,2004-01-14,New Zealand
Zimbabwe,India,India,2004-01-14,Australia
Australia,Zimbabwe,Australia,2004-01-16,Australia
New Zealand,Pakistan,New Zealand,2004-01-17,New Zealand
India,Australia,India,2004-01-18,Australia
India,Zimbabwe,India,2004-01-20,Australia
India,Australia,Australia,2004-01-22,Australia
India,Zimbabwe,India,2004-01-24,Australia
South Africa,West Indies,South Africa,2004-01-25,South Africa
Australia,Zimbabwe,Australia,2004-01-26,Australia
South Africa,West Indies,South Africa,2004-01-28,South Africa
India,Australia,Australia,2004-02-01,Australia
South Africa,West Indies,West Indies,2004-02-01,South Africa
Zimbabwe,India,India,2004-02-03,Australia
West Indies,South Africa,South Africa,2004-02-04,South Africa
India,Australia,Australia,2004-02-06,Australia
Australia,India,Australia,2004-02-08,Australia
New Zealand,South Africa,South Africa,2004-02-13,New Zealand
South Africa,New Zealand,New Zealand,2004-02-17,New Zealand
New Zealand,South Africa,New Zealand,2004-02-20,New Zealand
Australia,Sri Lanka,Australia,2004-02-20,Sri Lanka
Sri Lanka,Australia,Sri Lanka,2004-02-22,Sri Lanka
South Africa,New Zealand,New Zealand,2004-02-25,New Zealand
Sri Lanka,Australia,Australia,2004-02-25,Sri Lanka
Australia,Sri Lanka,Australia,2004-02-27,Sri Lanka
New Zealand,South Africa,New Zealand,2004-02-29,New Zealand
Australia,Sri Lanka,Sri Lanka,2004-02-29,Sri Lanka
South Africa,New Zealand,New Zealand,2004-03-02,New Zealand
Bangladesh,Zimbabwe,Bangladesh,2004-03-10,Zimbabwe
Zimbabwe,Bangladesh,Zimbabwe,2004-03-12,Zimbabwe
India,Pakistan,India,2004-03-13,Pakistan
Bangladesh,Zimbabwe,Zimbabwe,2004-03-14,Zimbabwe
Pakistan,India,Pakistan,2004-03-16,Pakistan
India,Pakistan,Pakistan,2004-03-19,Pakistan
Pakistan,India,India,2004-03-21,Pakistan
India,Pakistan,India,2004-03-24,Pakistan
West Indies,England,England,2004-04-18,Guyana
Zimbabwe,Sri Lanka,Sri Lanka,2004-04-20,Zimbabwe
Zimbabwe,Sri Lanka,Sri Lanka,2004-04-22,Zimbabwe
Zimbabwe,Sri Lanka,Sri Lanka,2004-04-25,Zimbabwe
Sri Lanka,Zimbabwe,Sri Lanka,2004-04-27,Zimbabwe
Sri Lanka,Zimbabwe,Sri Lanka,2004-04-29,Zimbabwe
England,West Indies,West Indies,2004-05-01,West Indies
England,West Indies,West Indies,2004-05-02,West Indies
West Indies,England,England,2004-05-05,West Indies
Bangladesh,West Indies,West Indies,2004-05-15,West Indies
West Indies,Bangladesh,West Indies,2004-05-16,West Indies
Bangladesh,West Indies,West Indies,2004-05-19,Grenada
Zimbabwe,Australia,Australia,2004-05-25,Zimbabwe
Australia,Zimbabwe,Australia,2004-05-27,Zimbabwe
Zimbabwe,Australia,Australia,2004-05-29,Zimbabwe
England,West Indies,West Indies,2004-06-27,England
England,New Zealand,New Zealand,2004-06-29,England
West Indies,England,England,2004-07-01,England
West Indies,New Zealand,New Zealand,2004-07-03,Wales
England,New Zealand,New Zealand,2004-07-04,England
England,West Indies,West Indies,2004-07-06,England
New Zealand,West Indies,New Zealand,2004-07-10,England
Bangladesh,Hong Kong,Bangladesh,2004-07-16,Sri Lanka
India,United Arab Emirates,India,2004-07-16,Sri Lanka
Pakistan,Bangladesh,Pakistan,2004-07-17,Sri Lanka
Sri Lanka,United Arab Emirates,Sri Lanka,2004-07-17,Sri Lanka
Pakistan,Hong Kong,Pakistan,2004-07-18,Sri Lanka
Sri Lanka,India,Sri Lanka,2004-07-18,Sri Lanka
Bangladesh,India,India,2004-07-21,Sri Lanka
Pakistan,Sri Lanka,Sri Lanka,2004-07-21,Sri Lanka
Bangladesh,Sri Lanka,Sri Lanka,2004-07-23,Sri Lanka
Pakistan,India,Pakistan,2004-07-25,Sri Lanka
India,Sri Lanka,India,2004-07-27,Sri Lanka
Bangladesh,Pakistan,Pakistan,2004-07-29,Sri Lanka
Sri Lanka,India,Sri Lanka,2004-08-01,Sri Lanka
South Africa,Sri Lanka,Sri Lanka,2004-08-20,Sri Lanka
Pakistan,India,Pakistan,2004-08-21,Netherlands
Sri Lanka,South Africa,Sri Lanka,2004-08-22,Sri Lanka
South Africa,Sri Lanka,Sri Lanka,2004-08-25,Sri Lanka
South Africa,Sri Lanka,Sri Lanka,2004-08-28,Sri Lanka
Australia,Pakistan,Australia,2004-08-28,Netherlands
Sri Lanka,South Africa,Sri Lanka,2004-08-31,Sri Lanka
India,England,England,2004-09-01,England
England,India,England,2004-09-03,England
Australia,Pakistan,Australia,2004-09-04,England
India,England,India,2004-09-05,England
England,Zimbabwe,England,2004-10-11,England
New Zealand,United States of America,New Zealand,2004-09-10,England
India,Kenya,India,2004-09-11,England
Bangladesh,South Africa,South Africa,2004-09-12,England
United States of America,Australia,Australia,2004-09-13,England
Zimbabwe,Sri Lanka,Sri Lanka,2004-09-14,England
West Indies,Bangladesh,West Indies,2004-09-15,England
New Zealand,Australia,Australia,2004-09-16,England
India,Pakistan,Pakistan,2004-09-19,England
Australia,England,England,2004-09-21,England
Pakistan,West Indies,West Indies,2004-09-22,England
England,West Indies,West Indies,2004-09-25,England
Pakistan,Zimbabwe,Pakistan,2004-09-30,Pakistan
Zimbabwe,Pakistan,Pakistan,2004-10-03,Pakistan
Sri Lanka,Pakistan,Pakistan,2004-10-06,Pakistan
Zimbabwe,Sri Lanka,Sri Lanka,2004-10-09,Pakistan
Sri Lanka,Pakistan,Pakistan,2004-10-14,Pakistan
Sri Lanka,Pakistan,Sri Lanka,2004-10-16,Pakistan
New Zealand,Bangladesh,New Zealand,2004-11-02,Bangladesh
Bangladesh,New Zealand,New Zealand,2004-11-05,Bangladesh
New Zealand,Bangladesh,New Zealand,2004-11-07,Bangladesh
India,Pakistan,Pakistan,2004-11-13,India
Zimbabwe,England,England,2004-11-28,Zimbabwe
England,Zimbabwe,England,2004-12-01,Zimbabwe
Zimbabwe,England,England,2004-12-04,Zimbabwe
Australia,New Zealand,New Zealand,2004-12-05,Australia
England,Zimbabwe,England,2004-12-05,Zimbabwe
Australia,New Zealand,Australia,2004-12-08,Australia
India,Bangladesh,India,2004-12-23,Bangladesh
Sri Lanka,New Zealand,New Zealand,2004-12-26,New Zealand
Bangladesh,India,Bangladesh,2004-12-26,Bangladesh
India,Bangladesh,India,2004-12-27,Bangladesh
ICC World XI,Asia XI,ICC World XI,2005-01-10,Australia
Australia,West Indies,Australia,2005-01-14,Australia
Pakistan,Australia,Australia,2005-01-16,Australia
West Indies,Pakistan,Pakistan,2005-01-19,Australia
Zimbabwe,Bangladesh,Zimbabwe,2005-01-20,Bangladesh
Pakistan,Australia,Australia,2005-01-23,Australia
Zimbabwe,Bangladesh,Zimbabwe,2005-01-24,Bangladesh
Bangladesh,Zimbabwe,Bangladesh,2005-01-26,Bangladesh
Australia,West Indies,Australia,2005-01-26,Australia
West Indies,Pakistan,West Indies,2005-01-28,Australia
Bangladesh,Zimbabwe,Bangladesh,2005-01-29,Bangladesh
Australia,Pakistan,Pakistan,2005-01-30,Australia
South Africa,England,England,2005-01-30,South Africa
Zimbabwe,Bangladesh,Bangladesh,2005-01-31,Bangladesh
Pakistan,West Indies,Pakistan,2005-02-01,Australia
England,South Africa,Match tied,2005-02-02,South Africa
Australia,Pakistan,Australia,2005-02-04,Australia
England,South Africa,South Africa,2005-02-04,South Africa
Australia,Pakistan,Australia,2005-02-06,Australia
South Africa,England,South Africa,2005-02-06,South Africa
South Africa,England,South Africa,2005-02-09,South Africa
England,South Africa,South Africa,2005-02-13,South Africa
Australia,New Zealand,Australia,2005-02-19,New Zealand
Australia,New Zealand,Australia,2005-02-22,New Zealand
South Africa,Zimbabwe,South Africa,2005-02-25,South Africa
Australia,New Zealand,Australia,2005-02-26,New Zealand
South Africa,Zimbabwe,South Africa,2005-02-27,South Africa
New Zealand,Australia,Australia,2005-03-01,New Zealand
Zimbabwe,South Africa,South Africa,2005-03-02,South Africa
Australia,New Zealand,Australia,2005-03-05,New Zealand
India,Pakistan,India,2005-04-02,India
India,Pakistan,India,2005-04-05,India
Pakistan,India,Pakistan,2005-04-09,India
India,Pakistan,Pakistan,2005-04-12,India
India,Pakistan,Pakistan,2005-04-15,India
Pakistan,India,Pakistan,2005-04-17,India
West Indies,South Africa,South Africa,2005-05-07,West Indies
West Indies,South Africa,South Africa,2005-05-08,West Indies
South Africa,West Indies,South Africa,2005-05-11,West Indies
West Indies,South Africa,South Africa,2005-05-14,West Indies
West Indies,South Africa,South Africa,2005-05-15,West Indies
Pakistan,West Indies,Pakistan,2005-05-18,West Indies
Pakistan,West Indies,Pakistan,2005-05-21,West Indies
Pakistan,West Indies,Pakistan,2005-05-22,West Indies
Bangladesh,England,England,2005-06-16,England
Australia,Bangladesh,Bangladesh,2005-06-18,Wales
Australia,England,England,2005-06-19,England
England,Bangladesh,England,2005-06-21,England
Australia,England,Australia,2005-06-23,England
Bangladesh,Australia,Australia,2005-06-25,England
Bangladesh,England,England,2005-06-26,England
Bangladesh,Australia,Australia,2005-06-30,England
Australia,England,Match tied,2005-07-02,England
Australia,England,England,2005-07-07,England
England,Australia,Australia,2005-07-10,England
England,Australia,Australia,2005-07-12,England
India,Sri Lanka,Sri Lanka,2005-07-30,Sri Lanka
West Indies,India,India,2005-07-31,Sri Lanka
Sri Lanka,West Indies,Sri Lanka,2005-08-02,Sri Lanka
India,Sri Lanka,Sri Lanka,2005-08-03,Sri Lanka
West Indies,Sri Lanka,West Indies,2005-08-06,Sri Lanka
India,West Indies,India,2005-08-07,Sri Lanka
Sri Lanka,India,Sri Lanka,2005-08-09,Sri Lanka
Africa XI,Asia XI,Africa XI,2005-08-17,South Africa
Asia XI,Africa XI,Asia XI,2005-08-20,South Africa
Africa XI,Asia XI,No result,2005-08-21,South Africa
New Zealand,Zimbabwe,New Zealand,2005-08-24,Zimbabwe
New Zealand,India,New Zealand,2005-08-26,Zimbabwe
India,Zimbabwe,India,2005-08-29,Zimbabwe
Sri Lanka,Bangladesh,Sri Lanka,2005-08-31,Sri Lanka
New Zealand,Zimbabwe,New Zealand,2005-08-31,Zimbabwe
Sri Lanka,Bangladesh,Sri Lanka,2005-09-02,Sri Lanka
New Zealand,India,India,2005-09-02,Zimbabwe
Bangladesh,Sri Lanka,Sri Lanka,2005-09-04,Sri Lanka
Zimbabwe,India,India,2005-09-04,Zimbabwe
India,New Zealand,New Zealand,2005-09-06,Zimbabwe
Australia,ICC World XI,Australia,2005-10-05,Australia
Australia,ICC World XI,Australia,2005-10-07,Australia
Australia,ICC World XI,Australia,2005-10-09,Australia
New Zealand,South Africa,South Africa,2005-10-23,South Africa
India,Sri Lanka,India,2005-10-25,India
Sri Lanka,India,India,2005-10-28,India
South Africa,New Zealand,South Africa,2005-10-28,South Africa
New Zealand,South Africa,South Africa,2005-10-30,South Africa
Sri Lanka,India,India,2005-10-31,India
Sri Lanka,India,India,2005-11-03,India
New Zealand,South Africa,South Africa,2005-11-06,South Africa
India,Sri Lanka,Sri Lanka,2005-11-06,India
Sri Lanka,India,India,2005-11-09,India
Sri Lanka,India,India,2005-11-12,India
India,South Africa,South Africa,2005-11-16,India
South Africa,India,India,2005-11-19,India
India,South Africa,South Africa,2005-11-25,India
South Africa,India,India,2005-11-28,India
Australia,New Zealand,Australia,2005-12-03,New Zealand
Australia,New Zealand,Australia,2005-12-07,New Zealand
Australia,New Zealand,New Zealand,2005-12-10,New Zealand
England,Pakistan,England,2005-12-10,Pakistan
England,Pakistan,Pakistan,2005-12-12,Pakistan
Pakistan,England,Pakistan,2005-12-15,Pakistan
Pakistan,England,Pakistan,2005-12-19,Pakistan
England,Pakistan,England,2005-12-21,Pakistan
Sri Lanka,New Zealand,New Zealand,2005-12-31,New Zealand
